core,core_label,isa,model,params_b,threads,format,tok_s,streamed_MiB,file_MiB,streamed_GBs,mJ_per_token,perplexity,repack_coverage_pct,normalization,basis,source
cortex-a76,Arm Cortex-A76,aarch64,Qwen2.5-0.5B-Instruct,0.5,2,Q4_0,34.661,330,408.9,11.994,141.51,21.7077,,streamed_bytes,measured,paper16-format-tax/data/pi5_canonical.jsonl
cortex-a76,Arm Cortex-A76,aarch64,Qwen2.5-0.5B-Instruct,0.5,2,IQ4_XS,34.234,330,408.2,11.846,143.07,20.698,,streamed_bytes,measured,paper16-format-tax/data/pi5_canonical.jsonl
cortex-a76,Arm Cortex-A76,aarch64,Qwen2.5-0.5B-Instruct,0.5,2,IQ4_NL,34.231,332,410.9,11.917,146.54,20.6971,,streamed_bytes,measured,paper16-format-tax/data/pi5_canonical.jsonl
cortex-a76,Arm Cortex-A76,aarch64,Qwen2.5-0.5B-Instruct,0.5,2,Q3_K_M,33.347,334,412.0,11.679,146.94,21.0356,,streamed_bytes,measured,paper16-format-tax/data/pi5_canonical.jsonl
cortex-a76,Arm Cortex-A76,aarch64,Qwen2.5-0.5B-Instruct,0.5,2,Q2_K,31.797,317,395.9,10.569,154.6,21.8327,,streamed_bytes,measured,paper16-format-tax/data/pi5_canonical.jsonl
cortex-a76,Arm Cortex-A76,aarch64,Qwen2.5-0.5B-Instruct,0.5,2,Q4_K_M,25.675,374,468.6,10.069,205.96,20.118,,streamed_bytes,measured,paper16-format-tax/data/pi5_canonical.jsonl
cortex-a76,Arm Cortex-A76,aarch64,Qwen2.5-0.5B-Instruct,0.5,2,Q6_K,23.394,477,620.2,11.701,203.6,19.5191,,streamed_bytes,measured,paper16-format-tax/data/pi5_canonical.jsonl
cortex-a76,Arm Cortex-A76,aarch64,Qwen2.5-0.5B-Instruct,0.5,2,Q8_0,22.225,501,644.4,11.675,216.25,19.5185,,streamed_bytes,measured,paper16-format-tax/data/pi5_canonical.jsonl
cortex-a76,Arm Cortex-A76,aarch64,Qwen2.5-0.5B-Instruct,0.5,3,Q4_0,31.214,330,408.9,10.801,157.14,21.7077,,streamed_bytes,measured,paper16-format-tax/data/pi5_canonical.jsonl
cortex-a76,Arm Cortex-A76,aarch64,Qwen2.5-0.5B-Instruct,0.5,3,IQ4_NL,30.981,332,410.9,10.785,161.9,20.6971,,streamed_bytes,measured,paper16-format-tax/data/pi5_canonical.jsonl
cortex-a76,Arm Cortex-A76,aarch64,Qwen2.5-0.5B-Instruct,0.5,3,Q2_K,30.635,317,395.9,10.183,160.47,21.8327,,streamed_bytes,measured,paper16-format-tax/data/pi5_canonical.jsonl
cortex-a76,Arm Cortex-A76,aarch64,Qwen2.5-0.5B-Instruct,0.5,3,IQ4_XS,30.469,330,408.2,10.543,160.75,20.698,,streamed_bytes,measured,paper16-format-tax/data/pi5_canonical.jsonl
cortex-a76,Arm Cortex-A76,aarch64,Qwen2.5-0.5B-Instruct,0.5,3,Q3_K_M,30.365,334,412.0,10.635,161.37,21.0356,,streamed_bytes,measured,paper16-format-tax/data/pi5_canonical.jsonl
cortex-a76,Arm Cortex-A76,aarch64,Qwen2.5-0.5B-Instruct,0.5,3,Q4_K_M,27.57,374,468.6,10.812,191.8,20.118,,streamed_bytes,measured,paper16-format-tax/data/pi5_canonical.jsonl
cortex-a76,Arm Cortex-A76,aarch64,Qwen2.5-0.5B-Instruct,0.5,3,Q6_K,20.598,477,620.2,10.303,231.23,19.5191,,streamed_bytes,measured,paper16-format-tax/data/pi5_canonical.jsonl
cortex-a76,Arm Cortex-A76,aarch64,Qwen2.5-0.5B-Instruct,0.5,3,Q8_0,18.874,501,644.4,9.915,254.64,19.5185,,streamed_bytes,measured,paper16-format-tax/data/pi5_canonical.jsonl
cortex-a76,Arm Cortex-A76,aarch64,Qwen2.5-0.5B-Instruct,0.5,4,Q2_K,30.849,317,395.9,10.254,159.36,21.8327,,streamed_bytes,measured,paper16-format-tax/data/pi5_canonical.jsonl
cortex-a76,Arm Cortex-A76,aarch64,Qwen2.5-0.5B-Instruct,0.5,4,Q4_0,29.852,330,408.9,10.33,164.31,21.7077,,streamed_bytes,measured,paper16-format-tax/data/pi5_canonical.jsonl
cortex-a76,Arm Cortex-A76,aarch64,Qwen2.5-0.5B-Instruct,0.5,4,IQ4_NL,29.673,332,410.9,10.33,169.04,20.6971,,streamed_bytes,measured,paper16-format-tax/data/pi5_canonical.jsonl
cortex-a76,Arm Cortex-A76,aarch64,Qwen2.5-0.5B-Instruct,0.5,4,Q3_K_M,29.228,334,412.0,10.236,167.65,21.0356,,streamed_bytes,measured,paper16-format-tax/data/pi5_canonical.jsonl
cortex-a76,Arm Cortex-A76,aarch64,Qwen2.5-0.5B-Instruct,0.5,4,IQ4_XS,28.973,330,408.2,10.026,169.05,20.698,,streamed_bytes,measured,paper16-format-tax/data/pi5_canonical.jsonl
cortex-a76,Arm Cortex-A76,aarch64,Qwen2.5-0.5B-Instruct,0.5,4,Q4_K_M,26.07,374,468.6,10.224,202.84,20.118,,streamed_bytes,measured,paper16-format-tax/data/pi5_canonical.jsonl
cortex-a76,Arm Cortex-A76,aarch64,Qwen2.5-0.5B-Instruct,0.5,4,Q6_K,19.416,477,620.2,9.711,245.31,19.5191,,streamed_bytes,measured,paper16-format-tax/data/pi5_canonical.jsonl
cortex-a76,Arm Cortex-A76,aarch64,Qwen2.5-0.5B-Instruct,0.5,4,Q8_0,17.273,501,644.4,9.074,278.24,19.5185,,streamed_bytes,measured,paper16-format-tax/data/pi5_canonical.jsonl
golden-cove,Intel Golden Cove (P-core),x86_64,Qwen2.5-0.5B-Instruct,0.5,2,Q4_0,66.491,330,408.9,23.008,,21.7077,100,streamed_bytes,measured,paper16-format-tax/data/summary_fp16src_P.txt
golden-cove,Intel Golden Cove (P-core),x86_64,Qwen2.5-0.5B-Instruct,0.5,2,IQ4_NL,55.974,332,410.9,19.486,,20.6971,94,streamed_bytes,measured,paper16-format-tax/data/summary_fp16src_P.txt
golden-cove,Intel Golden Cove (P-core),x86_64,Qwen2.5-0.5B-Instruct,0.5,2,Q2_K,54.622,317,395.9,18.156,,21.8327,75,streamed_bytes,measured,paper16-format-tax/data/summary_fp16src_P.txt
golden-cove,Intel Golden Cove (P-core),x86_64,Qwen2.5-0.5B-Instruct,0.5,2,Q3_K_M,54.382,334,412.0,19.046,,21.0356,91,streamed_bytes,measured,paper16-format-tax/data/summary_fp16src_P.txt
golden-cove,Intel Golden Cove (P-core),x86_64,Qwen2.5-0.5B-Instruct,0.5,2,IQ4_XS,53.342,330,408.2,18.458,,20.698,70,streamed_bytes,measured,paper16-format-tax/data/summary_fp16src_P.txt
golden-cove,Intel Golden Cove (P-core),x86_64,Qwen2.5-0.5B-Instruct,0.5,2,Q6_K,43.995,477,620.2,22.005,,19.5191,0,streamed_bytes,measured,paper16-format-tax/data/summary_fp16src_P.txt
golden-cove,Intel Golden Cove (P-core),x86_64,Qwen2.5-0.5B-Instruct,0.5,2,Q8_0,42.627,501,644.4,22.394,,19.5185,0,streamed_bytes,measured,paper16-format-tax/data/summary_fp16src_P.txt
golden-cove,Intel Golden Cove (P-core),x86_64,Qwen2.5-0.5B-Instruct,0.5,2,Q4_K_M,42.395,374,468.6,16.626,,20.118,12,streamed_bytes,measured,paper16-format-tax/data/summary_fp16src_P.txt
golden-cove,Intel Golden Cove (P-core),x86_64,Qwen2.5-0.5B-Instruct,0.5,4,Q4_0,92.605,330,408.9,32.044,,21.7077,100,streamed_bytes,measured,paper16-format-tax/data/summary_fp16src_P.txt
golden-cove,Intel Golden Cove (P-core),x86_64,Qwen2.5-0.5B-Instruct,0.5,4,IQ4_NL,92.414,332,410.9,32.172,,20.6971,94,streamed_bytes,measured,paper16-format-tax/data/summary_fp16src_P.txt
golden-cove,Intel Golden Cove (P-core),x86_64,Qwen2.5-0.5B-Instruct,0.5,4,Q2_K,89.589,317,395.9,29.779,,21.8327,75,streamed_bytes,measured,paper16-format-tax/data/summary_fp16src_P.txt
golden-cove,Intel Golden Cove (P-core),x86_64,Qwen2.5-0.5B-Instruct,0.5,4,IQ4_XS,88.39,330,408.2,30.586,,20.698,70,streamed_bytes,measured,paper16-format-tax/data/summary_fp16src_P.txt
golden-cove,Intel Golden Cove (P-core),x86_64,Qwen2.5-0.5B-Instruct,0.5,4,Q3_K_M,87.425,334,412.0,30.618,,21.0356,91,streamed_bytes,measured,paper16-format-tax/data/summary_fp16src_P.txt
golden-cove,Intel Golden Cove (P-core),x86_64,Qwen2.5-0.5B-Instruct,0.5,4,Q4_K_M,71.681,374,468.6,28.111,,20.118,12,streamed_bytes,measured,paper16-format-tax/data/summary_fp16src_P.txt
golden-cove,Intel Golden Cove (P-core),x86_64,Qwen2.5-0.5B-Instruct,0.5,4,Q6_K,68.703,477,620.2,34.363,,19.5191,0,streamed_bytes,measured,paper16-format-tax/data/summary_fp16src_P.txt
golden-cove,Intel Golden Cove (P-core),x86_64,Qwen2.5-0.5B-Instruct,0.5,4,Q8_0,67.531,501,644.4,35.477,,19.5185,0,streamed_bytes,measured,paper16-format-tax/data/summary_fp16src_P.txt
golden-cove,Intel Golden Cove (P-core),x86_64,Qwen2.5-0.5B-Instruct,0.5,6,Q4_0,111.422,330,408.9,38.555,,21.7077,100,streamed_bytes,measured,paper16-format-tax/data/summary_fp16src_P.txt
golden-cove,Intel Golden Cove (P-core),x86_64,Qwen2.5-0.5B-Instruct,0.5,6,IQ4_NL,105.516,332,410.9,36.733,,20.6971,94,streamed_bytes,measured,paper16-format-tax/data/summary_fp16src_P.txt
golden-cove,Intel Golden Cove (P-core),x86_64,Qwen2.5-0.5B-Instruct,0.5,6,Q2_K,103.718,317,395.9,34.476,,21.8327,75,streamed_bytes,measured,paper16-format-tax/data/summary_fp16src_P.txt
golden-cove,Intel Golden Cove (P-core),x86_64,Qwen2.5-0.5B-Instruct,0.5,6,IQ4_XS,101.043,330,408.2,34.964,,20.698,70,streamed_bytes,measured,paper16-format-tax/data/summary_fp16src_P.txt
golden-cove,Intel Golden Cove (P-core),x86_64,Qwen2.5-0.5B-Instruct,0.5,6,Q3_K_M,100.267,334,412.0,35.116,,21.0356,91,streamed_bytes,measured,paper16-format-tax/data/summary_fp16src_P.txt
golden-cove,Intel Golden Cove (P-core),x86_64,Qwen2.5-0.5B-Instruct,0.5,6,Q4_K_M,89.942,374,468.6,35.272,,20.118,12,streamed_bytes,measured,paper16-format-tax/data/summary_fp16src_P.txt
golden-cove,Intel Golden Cove (P-core),x86_64,Qwen2.5-0.5B-Instruct,0.5,6,Q8_0,81.366,501,644.4,42.745,,19.5185,0,streamed_bytes,measured,paper16-format-tax/data/summary_fp16src_P.txt
golden-cove,Intel Golden Cove (P-core),x86_64,Qwen2.5-0.5B-Instruct,0.5,6,Q6_K,78.737,477,620.2,39.382,,19.5191,0,streamed_bytes,measured,paper16-format-tax/data/summary_fp16src_P.txt
gracemont,Intel Gracemont (E-core),x86_64,Qwen2.5-0.5B-Instruct,0.5,2,Q3_K_M,19.7,334,412.0,6.899,,21.0356,91,streamed_bytes,measured,paper16-format-tax/data/summary_fp16src_E.txt
gracemont,Intel Gracemont (E-core),x86_64,Qwen2.5-0.5B-Instruct,0.5,2,IQ4_NL,19.348,332,410.9,6.736,,20.6971,94,streamed_bytes,measured,paper16-format-tax/data/summary_fp16src_E.txt
gracemont,Intel Gracemont (E-core),x86_64,Qwen2.5-0.5B-Instruct,0.5,2,Q4_0,18.784,330,408.9,6.5,,21.7077,100,streamed_bytes,measured,paper16-format-tax/data/summary_fp16src_E.txt
gracemont,Intel Gracemont (E-core),x86_64,Qwen2.5-0.5B-Instruct,0.5,2,Q2_K,18.153,317,395.9,6.034,,21.8327,75,streamed_bytes,measured,paper16-format-tax/data/summary_fp16src_E.txt
gracemont,Intel Gracemont (E-core),x86_64,Qwen2.5-0.5B-Instruct,0.5,2,IQ4_XS,18.089,330,408.2,6.259,,20.698,70,streamed_bytes,measured,paper16-format-tax/data/summary_fp16src_E.txt
gracemont,Intel Gracemont (E-core),x86_64,Qwen2.5-0.5B-Instruct,0.5,2,Q6_K,17.862,477,620.2,8.934,,19.5191,0,streamed_bytes,measured,paper16-format-tax/data/summary_fp16src_E.txt
gracemont,Intel Gracemont (E-core),x86_64,Qwen2.5-0.5B-Instruct,0.5,2,Q8_0,16.751,501,644.4,8.8,,19.5185,0,streamed_bytes,measured,paper16-format-tax/data/summary_fp16src_E.txt
gracemont,Intel Gracemont (E-core),x86_64,Qwen2.5-0.5B-Instruct,0.5,2,Q4_K_M,13.367,374,468.6,5.242,,20.118,12,streamed_bytes,measured,paper16-format-tax/data/summary_fp16src_E.txt
gracemont,Intel Gracemont (E-core),x86_64,Qwen2.5-0.5B-Instruct,0.5,4,IQ4_NL,43.556,332,410.9,15.163,,20.6971,94,streamed_bytes,measured,paper16-format-tax/data/summary_fp16src_E.txt
gracemont,Intel Gracemont (E-core),x86_64,Qwen2.5-0.5B-Instruct,0.5,4,IQ4_XS,36.729,330,408.2,12.709,,20.698,70,streamed_bytes,measured,paper16-format-tax/data/summary_fp16src_E.txt
gracemont,Intel Gracemont (E-core),x86_64,Qwen2.5-0.5B-Instruct,0.5,4,Q3_K_M,36.435,334,412.0,12.76,,21.0356,91,streamed_bytes,measured,paper16-format-tax/data/summary_fp16src_E.txt
gracemont,Intel Gracemont (E-core),x86_64,Qwen2.5-0.5B-Instruct,0.5,4,Q2_K,36.195,317,395.9,12.031,,21.8327,75,streamed_bytes,measured,paper16-format-tax/data/summary_fp16src_E.txt
gracemont,Intel Gracemont (E-core),x86_64,Qwen2.5-0.5B-Instruct,0.5,4,Q4_0,35.071,330,408.9,12.136,,21.7077,100,streamed_bytes,measured,paper16-format-tax/data/summary_fp16src_E.txt
gracemont,Intel Gracemont (E-core),x86_64,Qwen2.5-0.5B-Instruct,0.5,4,Q8_0,31.188,501,644.4,16.384,,19.5185,0,streamed_bytes,measured,paper16-format-tax/data/summary_fp16src_E.txt
gracemont,Intel Gracemont (E-core),x86_64,Qwen2.5-0.5B-Instruct,0.5,4,Q4_K_M,29.333,374,468.6,11.503,,20.118,12,streamed_bytes,measured,paper16-format-tax/data/summary_fp16src_E.txt
gracemont,Intel Gracemont (E-core),x86_64,Qwen2.5-0.5B-Instruct,0.5,4,Q6_K,28.53,477,620.2,14.27,,19.5191,0,streamed_bytes,measured,paper16-format-tax/data/summary_fp16src_E.txt
cortex-a76,Arm Cortex-A76,aarch64,Qwen2.5-1.5B-Instruct,1.5,2,IQ4_XS,13.324,,978.6,,413.52,,,file_bytes,measured,paper16-format-tax/data/pi5_15b.jsonl
cortex-a76,Arm Cortex-A76,aarch64,Qwen2.5-1.5B-Instruct,1.5,2,IQ4_NL,12.072,,1023.1,,356.35,,,file_bytes,measured,paper16-format-tax/data/pi5_15b.jsonl
cortex-a76,Arm Cortex-A76,aarch64,Qwen2.5-1.5B-Instruct,1.5,2,Q4_0,12.03,,1016.8,,344.3,,,file_bytes,measured,paper16-format-tax/data/pi5_15b.jsonl
cortex-a76,Arm Cortex-A76,aarch64,Qwen2.5-1.5B-Instruct,1.5,2,Q4_K_M,11.191,,1065.6,,359.86,,,file_bytes,measured,paper16-format-tax/data/pi5_15b.jsonl
cortex-a76,Arm Cortex-A76,aarch64,Qwen2.5-1.5B-Instruct,1.5,2,Q3_K_M,10.015,,881.6,,494.98,,,file_bytes,measured,paper16-format-tax/data/pi5_15b.jsonl
cortex-a76,Arm Cortex-A76,aarch64,Qwen2.5-1.5B-Instruct,1.5,4,Q3_K_M,12.396,,881.6,,399.89,,,file_bytes,measured,paper16-format-tax/data/pi5_15b.jsonl
cortex-a76,Arm Cortex-A76,aarch64,Qwen2.5-1.5B-Instruct,1.5,4,IQ4_XS,12.188,,978.6,,452.07,,,file_bytes,measured,paper16-format-tax/data/pi5_15b.jsonl
cortex-a76,Arm Cortex-A76,aarch64,Qwen2.5-1.5B-Instruct,1.5,4,Q4_0,9.366,,1016.8,,442.23,,,file_bytes,measured,paper16-format-tax/data/pi5_15b.jsonl
cortex-a76,Arm Cortex-A76,aarch64,Qwen2.5-1.5B-Instruct,1.5,4,IQ4_NL,9.308,,1023.1,,462.17,,,file_bytes,measured,paper16-format-tax/data/pi5_15b.jsonl
cortex-a76,Arm Cortex-A76,aarch64,Qwen2.5-1.5B-Instruct,1.5,4,Q4_K_M,8.222,,1065.6,,489.76,,,file_bytes,measured,paper16-format-tax/data/pi5_15b.jsonl
golden-cove,Intel Golden Cove (P-core),x86_64,Qwen2.5-1.5B-Instruct,1.5,2,Q4_0,21.359,,1016.8,,,,,file_bytes,measured,paper16-format-tax/data/summary_15b_P.txt
golden-cove,Intel Golden Cove (P-core),x86_64,Qwen2.5-1.5B-Instruct,1.5,2,Q4_K_M,20.924,,1065.6,,,,,file_bytes,measured,paper16-format-tax/data/summary_15b_P.txt
golden-cove,Intel Golden Cove (P-core),x86_64,Qwen2.5-1.5B-Instruct,1.5,2,IQ4_NL,20.228,,1023.1,,,,,file_bytes,measured,paper16-format-tax/data/summary_15b_P.txt
golden-cove,Intel Golden Cove (P-core),x86_64,Qwen2.5-1.5B-Instruct,1.5,2,Q3_K_M,19.457,,881.6,,,,,file_bytes,measured,paper16-format-tax/data/summary_15b_P.txt
golden-cove,Intel Golden Cove (P-core),x86_64,Qwen2.5-1.5B-Instruct,1.5,2,IQ4_XS,18.249,,978.6,,,,,file_bytes,measured,paper16-format-tax/data/summary_15b_P.txt
golden-cove,Intel Golden Cove (P-core),x86_64,Qwen2.5-1.5B-Instruct,1.5,2,Q8_0,13.171,,1806.8,,,,,file_bytes,measured,paper16-format-tax/data/summary_15b_P.txt
golden-cove,Intel Golden Cove (P-core),x86_64,Qwen2.5-1.5B-Instruct,1.5,6,Q4_0,42.234,,1016.8,,,,,file_bytes,measured,paper16-format-tax/data/summary_15b_P.txt
golden-cove,Intel Golden Cove (P-core),x86_64,Qwen2.5-1.5B-Instruct,1.5,6,IQ4_NL,40.716,,1023.1,,,,,file_bytes,measured,paper16-format-tax/data/summary_15b_P.txt
golden-cove,Intel Golden Cove (P-core),x86_64,Qwen2.5-1.5B-Instruct,1.5,6,Q3_K_M,39.781,,881.6,,,,,file_bytes,measured,paper16-format-tax/data/summary_15b_P.txt
golden-cove,Intel Golden Cove (P-core),x86_64,Qwen2.5-1.5B-Instruct,1.5,6,Q4_K_M,38.47,,1065.6,,,,,file_bytes,measured,paper16-format-tax/data/summary_15b_P.txt
golden-cove,Intel Golden Cove (P-core),x86_64,Qwen2.5-1.5B-Instruct,1.5,6,IQ4_XS,38.281,,978.6,,,,,file_bytes,measured,paper16-format-tax/data/summary_15b_P.txt
golden-cove,Intel Golden Cove (P-core),x86_64,Qwen2.5-1.5B-Instruct,1.5,6,Q8_0,26.355,,1806.8,,,,,file_bytes,measured,paper16-format-tax/data/summary_15b_P.txt
gracemont,Intel Gracemont (E-core),x86_64,Qwen2.5-1.5B-Instruct,1.5,2,Q4_K_M,7.292,,1065.6,,,,,file_bytes,measured,paper16-format-tax/data/summary_15b_E.txt
gracemont,Intel Gracemont (E-core),x86_64,Qwen2.5-1.5B-Instruct,1.5,2,Q4_0,7.021,,1016.8,,,,,file_bytes,measured,paper16-format-tax/data/summary_15b_E.txt
gracemont,Intel Gracemont (E-core),x86_64,Qwen2.5-1.5B-Instruct,1.5,2,IQ4_NL,6.869,,1023.1,,,,,file_bytes,measured,paper16-format-tax/data/summary_15b_E.txt
gracemont,Intel Gracemont (E-core),x86_64,Qwen2.5-1.5B-Instruct,1.5,2,Q3_K_M,5.938,,881.6,,,,,file_bytes,measured,paper16-format-tax/data/summary_15b_E.txt
gracemont,Intel Gracemont (E-core),x86_64,Qwen2.5-1.5B-Instruct,1.5,2,IQ4_XS,5.733,,978.6,,,,,file_bytes,measured,paper16-format-tax/data/summary_15b_E.txt
gracemont,Intel Gracemont (E-core),x86_64,Qwen2.5-1.5B-Instruct,1.5,2,Q8_0,5.58,,1806.8,,,,,file_bytes,measured,paper16-format-tax/data/summary_15b_E.txt
gracemont,Intel Gracemont (E-core),x86_64,Qwen2.5-1.5B-Instruct,1.5,4,Q4_K_M,14.742,,1065.6,,,,,file_bytes,measured,paper16-format-tax/data/summary_15b_E.txt
gracemont,Intel Gracemont (E-core),x86_64,Qwen2.5-1.5B-Instruct,1.5,4,Q4_0,14.656,,1016.8,,,,,file_bytes,measured,paper16-format-tax/data/summary_15b_E.txt
gracemont,Intel Gracemont (E-core),x86_64,Qwen2.5-1.5B-Instruct,1.5,4,IQ4_NL,14.275,,1023.1,,,,,file_bytes,measured,paper16-format-tax/data/summary_15b_E.txt
gracemont,Intel Gracemont (E-core),x86_64,Qwen2.5-1.5B-Instruct,1.5,4,Q3_K_M,12.392,,881.6,,,,,file_bytes,measured,paper16-format-tax/data/summary_15b_E.txt
gracemont,Intel Gracemont (E-core),x86_64,Qwen2.5-1.5B-Instruct,1.5,4,IQ4_XS,12.075,,978.6,,,,,file_bytes,measured,paper16-format-tax/data/summary_15b_E.txt
gracemont,Intel Gracemont (E-core),x86_64,Qwen2.5-1.5B-Instruct,1.5,4,Q8_0,10.105,,1806.8,,,,,file_bytes,measured,paper16-format-tax/data/summary_15b_E.txt
